{
  "items" : [ {
    "title" : "Hide your heart",
    "artist" : "Bonnie Tyler",
    "country" : "UK",
    "company" : "CBS Records",
    "price" : 9.9,
    "year" : 1988
  }, {
    "title" : "Greatest Hits",
    "artist" : "Dolly Parton",
    "country" : "USA",
    "company" : "RCA",
    "price" : 9.9,
    "year" : 1982
  }, {
    "title" : "Still got the blues",
    "artist" : "Gary Moore",
    "country" : "UK",
    "company" : "Virgin records",
    "price" : 10.2,
    "year" : 1990
  } ]
}